Report Date,0:00,0:15,0:30,0:45,1:00,1:15,1:30,1:45,2:00,2:15,2:30,2:45,3:00,3:15,3:30,3:45,4:00,4:15,4:30,4:45,5:00,5:15,5:30,5:45,6:00,6:15,6:30,6:45,7:00,7:15,7:30,7:45,8:00,8:15,8:30,8:45,9:00,9:15,9:30,9:45,10:00,10:15,10:30,10:45,11:00,11:15,11:30,11:45,12:00,12:15,12:30,12:45,13:00,13:15,13:30,13:45,14:00,14:15,14:30,14:45,15:00,15:15,15:30,15:45,16:00,16:15,16:30,16:45,17:00,17:15,17:30,17:45,18:00,18:15,18:30,18:45,19:00,19:15,19:30,19:45,20:00,20:15,20:30,20:45,21:00,21:15,21:30,21:45,22:00,22:15,22:30,22:45,23:00,23:15,23:30,23:45,Total
Sat 01 Jun 2019,138,162,150,116,91,102,94,69,83,67,59,55,63,58,60,50,73,78,76,77,74,85,89,105,134,163,201,264,279,287,301,350,382,413,456,494,545,538,561,598,627,700,704,653,652,610,636,587,593,587,606,576,578,582,613,595,600,632,582,540,583,624,547,591,606,580,607,625,593,558,523,527,535,489,454,88,123,241,204,553,277,263,223,248,230,193,171,152,166,168,165,146,129,125,99,90,32789
Sun 02 Jun 2019,87,51,74,56,64,46,53,27,34,44,34,30,28,25,31,38,27,31,42,42,45,45,62,70,86,107,113,124,125,119,159,164,198,197,237,243,279,324,365,419,427,447,458,448,517,460,499,489,515,531,551,539,509,588,533,572,542,537,540,541,564,540,549,554,602,595,562,545,576,544,480,500,468,441,472,519,410,390,352,367,296,307,288,241,256,226,191,143,160,113,104,111,78,73,67,76,27348
Mon 03 Jun 2019,63,58,33,33,36,24,28,25,23,28,31,27,31,34,50,58,66,86,77,115,137,167,197,239,339,412,475,595,632,630,530,463,559,505,484,519,447,509,558,486,458,511,491,537,518,524,502,567,581,574,626,585,563,576,607,597,626,639,628,632,682,718,808,775,921,939,904,837,785,815,800,757,661,631,515,467,421,384,331,271,309,301,245,201,167,168,143,128,149,120,94,86,92,72,66,45,36959
Tue 04 Jun 2019,55,40,34,39,39,31,29,31,37,25,31,39,43,53,29,52,50,67,71,93,122,147,180,203,318,411,466,580,605,629,533,545,514,484,532,499,460,510,487,503,472,482,454,442,495,451,460,480,467,494,494,487,537,515,518,517,519,604,617,569,681,638,753,753,875,1029,850,848,844,836,766,665,658,622,523,470,418,358,320,288,342,276,184,205,155,160,134,125,156,119,112,71,95,71,51,55,35196
Wed 05 Jun 2019,52,43,41,36,30,34,37,30,28,31,29,34,43,37,45,55,52,67,79,93,117,147,162,208,284,384,472,596,631,598,554,476,534,511,545,562,506,547,525,481,446,432,427,401,474,429,429,476,457,481,491,481,414,522,575,545,562,571,576,643,705,735,807,785,905,905,955,877,695,880,703,696,609,605,556,475,450,357,333,339,336,258,284,201,223,175,134,163,155,139,87,85,67,106,167,165,35685
Thu 06 Jun 2019,137,62,56,44,45,40,47,35,47,35,40,35,36,33,42,44,49,52,63,99,115,134,174,202,296,354,492,548,599,629,553,522,487,543,517,534,514,497,530,500,491,497,530,486,465,477,432,508,515,551,527,523,593,565,530,549,576,644,641,677,699,796,791,803,902,949,909,830,781,787,728,716,649,639,545,468,487,432,327,320,322,300,228,193,187,210,177,151,172,146,138,109,106,94,76,67,36792
Fri 07 Jun 2019,65,59,36,42,52,36,37,28,25,50,34,28,30,36,46,46,53,50,65,88,109,122,162,180,244,307,411,454,457,492,511,507,498,532,445,454,438,435,431,479,476,517,456,458,421,525,463,486,552,578,525,530,587,594,627,629,645,623,634,703,720,740,775,726,822,825,739,759,686,785,729,593,609,656,635,543,473,448,371,335,344,300,244,217,192,191,156,144,165,138,122,101,113,98,77,58,35232
Sat 08 Jun 2019,81,69,57,53,50,41,43,40,33,25,38,31,35,35,41,30,29,43,55,56,46,48,65,66,92,127,156,154,187,219,219,213,237,320,372,343,375,431,484,474,449,476,531,557,486,466,576,595,589,598,577,577,554,553,591,626,562,562,574,521,502,551,495,508,532,547,530,529,537,534,558,442,449,446,420,356,350,306,276,240,214,225,211,189,157,155,165,156,140,160,143,147,127,127,90,90,28137
Sun 09 Jun 2019,78,64,79,60,60,65,37,47,35,27,26,17,26,24,28,23,35,31,29,38,24,41,65,51,78,78,97,118,89,121,139,165,156,175,198,212,281,297,331,389,394,457,478,463,476,526,523,596,499,493,538,554,671,593,586,530,532,546,567,583,557,582,598,636,652,616,622,598,654,563,582,551,584,451,409,380,385,359,306,317,303,273,239,249,227,214,175,147,157,126,113,102,66,70,69,60,27531
Mon 10 Jun 2019,57,38,40,27,27,26,28,22,29,27,21,19,24,38,40,46,52,70,90,74,99,156,196,254,312,395,521,572,642,607,587,506,501,506,492,539,501,563,496,541,507,481,497,485,528,523,529,502,626,586,615,540,610,629,591,586,635,661,675,629,685,717,764,755,888,928,840,757,668,623,641,635,697,625,544,494,462,406,309,243,277,245,236,190,171,180,146,113,172,163,136,132,132,142,134,148,36614
Tue 11 Jun 2019,111,66,43,39,38,56,34,57,44,42,42,47,39,50,40,55,57,61,82,104,116,137,160,205,318,372,479,586,520,310,138,426,512,462,512,495,523,493,462,432,426,416,431,431,451,446,427,421,495,521,534,479,539,530,558,526,559,578,626,646,742,719,726,757,903,909,890,798,758,882,713,749,691,602,527,472,441,351,294,248,301,287,232,190,162,161,148,165,166,165,117,76,86,85,67,67,34452
Wed 12 Jun 2019,58,51,50,40,46,31,38,36,50,65,46,37,49,37,59,62,56,67,75,93,117,126,181,203,266,361,492,577,611,617,538,498,497,495,528,534,511,520,490,462,468,467,374,518,450,412,536,453,469,499,483,551,510,498,574,532,605,607,633,629,647,737,803,762,910,938,944,879,819,856,734,722,714,644,490,507,476,509,368,363,385,349,292,199,186,191,140,145,167,181,115,95,79,74,56,63,36477
Thu 13 Jun 2019,53,57,42,52,38,31,42,38,49,46,40,33,43,48,51,51,71,65,75,86,123,154,181,213,266,304,365,491,523,558,518,509,538,482,470,492,497,463,509,461,457,401,482,473,466,460,493,531,492,552,538,558,588,593,615,568,632,704,679,663,794,740,768,844,957,896,920,799,752,748,750,734,728,628,559,501,488,416,353,331,382,371,329,318,309,242,165,171,176,168,119,120,101,102,106,62,37020
Fri 14 Jun 2019,51,37,57,48,49,53,47,41,42,47,45,49,33,46,49,45,58,75,95,63,102,125,154,196,250,301,400,498,506,481,521,452,491,499,439,473,444,454,456,438,461,381,556,460,460,492,551,535,563,583,633,615,679,619,629,679,658,698,726,761,660,778,803,788,856,776,840,800,701,676,651,688,662,572,544,527,443,460,386,358,354,345,310,252,242,226,206,159,213,208,155,125,130,125,109,108,36685
Sat 15 Jun 2019,83,78,63,49,54,57,49,45,47,41,43,28,42,46,42,44,65,37,56,75,90,84,90,84,134,171,148,186,188,258,220,262,275,322,336,337,344,375,449,503,472,534,545,535,526,538,512,527,568,592,565,625,566,631,616,576,529,555,557,507,570,579,564,578,554,610,613,574,570,572,542,519,491,457,406,394,339,344,299,288,284,218,222,173,198,180,160,152,170,159,132,133,135,126,96,101,29478
Sun 16 Jun 2019,90,72,76,70,58,45,62,41,39,42,31,37,24,29,28,43,21,16,43,38,33,33,50,60,83,103,103,95,111,145,124,126,160,175,182,205,216,320,316,372,395,430,434,524,543,545,492,576,635,608,634,660,627,617,486,653,633,571,551,587,610,654,609,643,649,655,583,570,606,620,509,519,568,492,487,400,441,419,351,352,345,362,304,270,245,217,169,145,131,112,119,78,74,95,60,66,28647
Mon 17 Jun 2019,56,56,32,41,55,33,33,21,22,29,26,29,27,41,45,51,61,77,90,128,148,163,216,234,309,374,518,579,603,613,544,620,536,538,506,521,474,558,512,509,497,528,517,458,511,506,526,515,605,632,559,620,544,590,633,581,632,630,606,644,717,697,755,802,885,956,915,916,807,805,759,752,650,611,560,498,455,414,334,348,323,313,262,212,174,159,124,153,169,178,128,115,96,104,58,58,37624
Tue 18 Jun 2019,68,51,55,38,54,32,40,35,30,44,34,38,48,57,47,53,59,67,87,116,139,161,203,219,322,390,483,621,642,586,554,531,448,442,573,541,522,510,483,463,464,485,422,481,433,489,416,485,457,490,502,514,547,511,554,551,593,624,560,611,650,721,764,815,901,951,897,842,803,847,747,767,697,593,524,440,442,396,337,296,301,280,216,198,202,161,142,143,141,167,93,94,91,108,78,66,35986
Wed 19 Jun 2019,56,44,60,56,45,49,48,45,53,56,47,46,52,55,71,62,72,91,80,112,128,183,235,241,379,475,560,606,616,584,577,537,565,510,513,553,509,539,481,518,428,475,450,473,438,409,443,470,473,479,485,536,526,526,493,505,618,605,631,625,690,714,727,850,915,983,932,849,1006,857,745,767,669,594,572,468,468,460,362,320,379,296,242,183,189,178,166,155,193,186,121,111,99,99,59,60,37261
Thu 20 Jun 2019,55,50,48,36,38,45,49,48,53,52,34,39,42,37,45,71,58,72,84,96,142,137,186,182,265,374,475,513,636,605,580,548,567,567,578,517,465,592,516,460,494,443,509,506,523,519,513,537,554,559,642,541,576,615,607,572,659,650,662,691,767,760,793,800,889,943,812,782,803,810,740,734,656,596,509,535,474,458,345,365,347,299,236,238,236,225,203,209,219,208,137,97,118,140,76,75,37963
Fri 21 Jun 2019,71,75,57,38,54,54,47,42,57,52,37,39,52,45,44,49,56,71,78,87,106,123,162,179,263,340,462,465,499,537,526,468,540,495,502,485,517,510,532,481,554,556,558,580,551,550,607,599,603,629,644,682,658,637,664,684,705,689,699,688,739,748,704,690,761,758,730,698,676,665,630,610,635,578,511,501,505,500,394,390,411,346,251,313,269,300,286,276,278,276,235,207,181,192,167,128,38373
Sat 22 Jun 2019,168,182,149,115,94,94,86,80,77,89,60,69,52,63,70,88,65,69,100,96,90,105,157,129,194,217,272,307,350,382,366,375,413,472,494,503,569,596,644,672,700,706,771,743,738,752,702,671,616,650,626,639,666,660,608,616,635,668,605,625,639,744,699,673,662,628,633,631,651,640,672,706,626,627,579,542,491,451,422,380,381,376,340,341,234,265,262,241,244,246,188,189,165,158,157,155,38608
Sun 23 Jun 2019,128,138,112,94,72,54,54,51,76,69,73,79,72,60,55,64,39,45,67,58,63,74,93,86,148,141,122,169,210,249,200,218,219,259,287,305,375,453,458,523,538,562,648,591,658,626,604,581,614,632,618,606,609,613,570,560,604,664,680,679,632,638,661,658,650,665,622,627,678,623,518,576,531,402,407,457,471,522,429,366,383,434,276,223,225,192,156,167,139,141,112,110,84,82,75,52,32353
Mon 24 Jun 2019,55,46,47,36,41,37,26,24,44,30,24,17,31,41,41,44,63,64,79,128,143,148,185,217,302,406,509,599,625,662,383,595,521,511,510,493,491,532,487,487,480,550,469,488,456,506,471,487,514,603,586,590,636,594,638,626,605,672,625,668,740,668,749,812,938,986,951,832,895,866,803,748,725,598,503,458,445,459,341,276,344,310,308,263,284,181,160,158,178,157,100,79,103,78,83,55,37622
Tue 25 Jun 2019,59,44,48,54,42,36,34,36,37,29,30,26,38,42,38,43,51,64,86,94,96,130,174,209,294,343,456,552,550,599,464,437,478,437,470,462,506,602,530,524,386,406,382,397,463,494,438,503,455,481,490,448,518,579,533,539,575,651,608,600,704,693,704,755,993,981,948,915,905,825,829,739,646,634,548,500,457,380,322,348,335,320,253,265,192,189,171,176,176,142,117,105,103,71,66,82,35779
Wed 26 Jun 2019,55,39,52,39,39,33,34,42,28,53,33,27,33,47,46,56,55,64,88,97,116,134,198,209,270,375,478,596,607,620,569,543,599,559,506,515,486,473,504,438,383,417,495,420,449,460,482,508,463,492,560,498,542,542,539,530,570,623,623,627,736,687,793,827,907,906,887,900,884,907,842,716,694,649,582,463,456,450,340,322,359,310,241,201,230,172,189,161,224,182,120,124,160,121,98,73,36891
Thu 27 Jun 2019,74,64,69,67,58,39,46,42,43,36,42,35,50,39,46,39,53,66,74,107,138,149,198,229,295,393,480,554,600,618,566,559,530,476,401,451,549,557,585,487,418,478,483,453,424,495,501,530,535,513,592,520,548,587,566,562,596,628,689,641,683,723,749,830,957,993,902,939,907,884,836,696,702,635,585,507,485,422,391,325,373,337,274,263,242,228,184,189,182,178,147,113,112,96,60,62,37854
Fri 28 Jun 2019,40,28,27,18,16,15,10,14,16,17,22,20,19,22,34,57,47,71,75,75,107,112,143,195,261,351,396,487,498,536,539,515,526,483,517,441,486,471,467,503,496,492,500,568,567,582,657,597,643,633,642,690,735,741,690,703,711,743,769,621,774,760,821,788,864,829,808,758,832,735,699,625,684,602,493,505,514,466,383,364,412,352,302,242,268,245,204,175,193,181,134,126,129,83,109,102,38018
Sat 29 Jun 2019,81,66,46,54,46,47,37,45,32,42,36,33,28,30,39,41,43,50,51,64,49,75,78,82,128,149,183,213,219,219,264,275,347,398,405,401,399,428,511,582,584,606,628,605,519,459,470,467,450,436,468,374,454,479,464,513,501,499,466,501,509,504,452,506,502,522,485,427,539,490,443,472,418,430,385,370,326,325,289,273,288,231,224,218,184,196,141,159,167,140,145,136,117,118,104,82,27576
Sun 30 Jun 2019,78,76,72,56,50,41,35,33,29,36,33,25,32,20,26,31,38,39,32,48,42,37,49,75,67,84,88,115,137,133,162,155,195,202,214,268,292,289,378,385,467,456,484,525,551,629,542,608,659,644,588,627,665,617,607,593,554,652,625,607,645,646,632,677,547,184,476,389,598,611,516,518,504,499,493,505,415,319,189,150,163,232,248,229,192,204,178,225,353,228,114,102,96,104,67,70,28215
Mon 01 Jul 2019,72,47,46,47,55,57,27,39,41,38,34,29,29,33,45,47,47,89,100,119,141,147,222,232,312,408,482,582,636,575,548,519,541,498,543,523,502,521,565,495,523,508,534,558,500,556,533,544,579,564,583,552,607,600,627,568,581,523,633,662,712,721,788,795,954,1010,902,900,916,949,906,785,701,669,586,533,454,433,344,321,311,322,259,220,183,183,146,181,178,183,112,128,103,87,63,64,38470
Tue 02 Jul 2019,46,44,46,39,44,33,42,43,31,43,43,33,38,49,44,60,64,55,88,106,137,167,206,250,320,424,547,579,601,618,546,535,499,530,539,521,528,511,419,560,429,470,445,463,406,462,486,485,491,513,547,518,468,548,514,542,535,609,610,603,681,650,776,810,903,997,862,864,714,594,628,641,723,718,564,499,437,365,343,296,342,288,240,212,189,203,157,160,179,162,122,114,123,83,92,61,35964
Wed 03 Jul 2019,54,54,43,46,50,38,38,36,39,32,39,43,36,30,62,45,44,60,79,83,107,137,160,198,262,379,529,545,597,583,578,539,492,526,508,471,470,475,496,434,475,459,436,460,468,426,447,469,496,527,529,491,558,524,493,571,548,629,633,676,695,712,784,850,907,952,907,914,893,808,844,810,758,646,571,563,498,434,358,326,395,426,285,246,199,203,170,190,213,168,120,121,114,158,96,62,37148
Thu 04 Jul 2019,56,46,55,51,31,36,48,37,43,48,51,39,37,49,51,54,46,63,70,88,105,127,202,193,274,348,490,586,624,635,597,528,542,550,522,511,544,483,566,506,497,423,491,427,435,481,528,526,536,562,530,550,561,577,565,561,641,612,628,629,663,741,784,810,907,959,945,893,881,908,862,771,715,655,554,477,489,472,372,344,344,337,294,231,239,230,184,172,187,179,127,129,101,102,88,102,37940
Fri 05 Jul 2019,66,51,58,39,45,36,43,49,46,33,47,39,45,57,52,59,67,47,65,71,95,146,173,180,266,320,390,491,498,536,510,505,532,489,490,463,447,483,482,470,472,517,562,584,551,620,558,602,640,669,690,726,650,708,690,689,749,790,745,782,866,790,618,856,878,803,852,824,779,772,726,682,650,580,515,467,471,457,363,283,371,417,331,308,237,250,175,184,200,178,110,121,90,107,109,94,38489
Sat 06 Jul 2019,85,86,67,46,53,42,46,31,44,45,38,22,32,34,40,43,38,48,56,44,59,62,88,82,128,152,168,165,241,267,281,286,323,371,415,374,390,473,470,514,514,533,545,522,545,575,576,577,532,585,607,614,588,522,628,562,575,566,542,516,480,496,533,420,477,498,476,498,511,490,482,390,421,390,345,362,337,282,267,250,267,247,239,204,170,185,178,150,154,174,127,95,125,101,106,99,28499
Sun 07 Jul 2019,69,81,91,61,50,55,42,28,46,38,26,39,31,26,22,35,31,31,30,29,38,38,48,64,81,113,120,135,140,140,215,217,244,268,315,323,309,369,409,347,408,467,448,455,469,557,592,577,605,607,637,610,662,626,594,504,457,502,606,637,637,656,618,671,598,694,627,639,604,656,556,578,572,635,509,517,515,466,401,346,379,306,314,314,268,229,211,185,150,152,129,93,91,94,81,59,30364
Mon 08 Jul 2019,54,46,36,30,37,31,39,31,30,22,21,30,29,32,39,44,54,76,99,106,138,141,187,236,282,428,470,572,654,573,559,535,561,516,544,496,550,529,499,536,453,516,520,497,485,522,545,516,600,490,402,402,443,389,371,385,426,536,531,533,644,719,759,749,867,884,824,833,672,181,619,811,668,603,546,427,431,421,333,294,269,305,230,221,227,196,162,142,153,120,104,98,77,84,65,76,34268
Tue 09 Jul 2019,51,35,41,34,47,36,37,39,29,31,45,38,46,26,32,51,54,55,73,114,118,158,162,182,318,381,514,573,649,639,536,545,563,514,540,528,527,545,450,462,508,450,444,454,428,480,470,473,485,508,525,491,516,501,502,592,570,606,620,597,646,703,757,730,916,962,869,908,904,817,820,761,665,675,560,461,520,399,320,284,329,270,255,179,211,206,171,138,155,161,118,108,87,73,75,61,36312
Wed 10 Jul 2019,55,57,59,39,33,30,29,41,33,46,34,27,26,49,43,42,50,54,64,85,107,140,163,204,291,397,451,568,617,603,586,558,532,538,534,546,512,514,494,449,447,430,435,440,467,510,505,497,522,520,500,528,525,578,583,541,655,614,619,673,709,729,796,793,962,881,942,929,849,846,848,765,695,646,557,447,425,366,358,304,348,414,514,473,419,383,305,283,300,250,189,196,167,154,138,128,38797
Thu 11 Jul 2019,106,99,112,99,83,76,64,62,62,93,98,84,75,64,80,77,85,102,119,134,170,182,179,203,313,394,466,533,608,615,554,519,543,549,512,524,502,540,517,488,454,525,498,510,467,485,528,517,574,702,680,627,601,541,515,490,470,627,614,700,712,783,735,834,975,985,944,877,836,896,832,742,733,758,624,590,502,479,391,398,418,369,284,288,229,241,229,189,202,161,122,102,109,85,74,56,39594
Fri 12 Jul 2019,66,60,30,41,31,33,47,38,46,42,25,44,38,50,46,52,40,68,70,80,111,131,149,188,240,310,443,501,548,503,458,507,537,517,472,457,523,519,531,464,508,558,531,605,608,575,480,527,623,638,606,681,704,681,635,630,693,700,718,790,790,824,799,722,867,823,816,739,779,756,727,673,739,680,560,483,523,430,429,364,373,340,416,352,351,341,282,257,243,247,163,207,158,138,147,144,39229
Sat 13 Jul 2019,144,124,133,87,62,67,86,68,70,72,66,57,58,41,61,48,54,65,67,69,93,97,100,133,161,198,207,198,216,229,266,305,280,358,358,339,378,458,449,477,558,534,530,574,619,612,590,574,558,654,640,614,619,572,626,638,602,574,543,532,468,553,551,456,517,501,500,453,521,465,457,430,413,435,376,372,389,336,298,289,266,221,213,199,194,169,164,144,136,166,127,139,143,159,158,131,30071
Sun 14 Jul 2019,145,110,78,78,56,49,44,52,39,34,44,39,22,29,24,36,28,33,35,42,40,48,62,53,77,110,102,108,123,141,147,159,222,234,219,223,291,325,372,393,436,456,525,542,565,544,503,599,678,624,623,618,610,592,593,610,560,601,622,573,603,632,637,650,704,682,616,658,635,648,565,523,538,589,524,486,445,431,398,430,384,352,371,316,286,298,216,201,171,161,128,115,102,85,71,69,30660
Mon 15 Jul 2019,62,43,58,33,45,32,32,30,20,24,28,26,30,34,35,36,59,76,104,116,149,181,226,218,296,413,500,566,621,624,596,578,567,539,550,470,515,523,561,548,484,559,520,516,589,527,587,545,631,612,536,596,638,598,599,504,618,646,624,646,728,665,758,783,920,950,926,879,880,898,819,786,728,655,565,433,439,429,377,289,343,293,254,232,250,176,167,166,171,155,122,99,85,84,57,61,38361
Tue 16 Jul 2019,57,49,47,28,36,36,33,32,45,30,47,32,35,37,38,40,47,61,54,81,117,169,191,232,318,382,459,591,641,576,537,585,566,600,517,516,599,551,409,467,407,439,456,448,460,491,490,461,555,573,491,497,565,578,549,521,587,654,629,601,682,710,774,801,972,1009,897,893,860,896,844,774,675,601,559,514,508,410,348,296,312,312,230,218,151,227,194,191,172,137,141,108,98,71,74,46,37045
Wed 17 Jul 2019,57,46,34,32,42,29,35,28,28,40,38,30,29,38,30,46,58,70,69,111,113,144,163,228,304,359,471,580,614,597,551,487,561,560,497,518,516,517,445,431,412,417,451,432,468,485,472,462,519,451,508,511,534,563,541,580,544,598,552,584,722,705,744,793,862,813,761,768,770,657,654,673,586,592,535,576,455,378,349,320,337,358,257,243,235,162,202,173,177,184,138,107,117,84,55,51,35223
Thu 18 Jul 2019,50,57,38,40,34,41,32,34,37,33,42,31,24,38,48,39,42,81,79,112,120,122,180,228,275,341,465,537,563,558,538,507,537,536,547,513,508,539,531,498,499,467,464,452,485,497,496,535,563,539,535,557,590,585,530,521,624,613,616,702,645,673,769,776,786,850,781,815,731,799,782,774,668,605,573,510,515,415,334,332,342,327,334,265,258,247,224,179,187,159,119,111,118,87,71,63,36669
Fri 19 Jul 2019,62,62,50,67,38,33,29,36,28,51,38,31,36,40,32,44,53,58,55,77,98,94,146,191,235,275,395,424,461,481,493,421,457,398,382,364,430,382,356,424,415,392,390,431,380,412,468,507,517,534,551,490,576,580,579,609,568,535,668,618,680,682,672,667,723,705,706,649,646,657,584,560,521,575,436,461,474,432,397,407,427,395,276,306,224,227,198,213,168,168,118,125,115,101,119,81,32942
Sat 20 Jul 2019,79,62,84,51,45,46,43,47,28,38,39,45,37,37,46,36,45,50,63,47,66,80,98,103,128,136,210,211,208,241,246,247,304,362,343,309,379,391,451,417,448,466,513,538,530,556,567,575,562,568,561,519,548,595,547,540,546,500,534,483,487,512,511,428,461,457,433,477,443,472,485,416,422,402,346,312,319,338,269,268,236,216,240,161,171,156,165,154,143,137,148,113,93,123,85,75,27268
Sun 21 Jul 2019,79,61,72,65,42,49,43,36,31,39,26,28,28,30,26,20,26,31,35,34,40,65,61,64,76,73,111,99,131,141,175,198,207,209,214,205,280,318,345,391,389,395,493,424,461,575,557,574,601,625,619,655,580,611,601,602,527,537,602,620,622,603,574,638,740,646,680,604,678,588,578,552,584,495,462,454,504,427,351,324,383,302,323,265,279,246,201,175,172,145,129,122,87,74,59,49,29367
Mon 22 Jul 2019,54,65,29,32,46,36,39,26,21,28,40,33,24,36,48,49,57,75,76,118,137,172,193,242,297,380,525,602,611,634,590,582,529,589,535,515,536,523,501,468,504,479,472,510,536,587,567,595,543,459,445,530,539,545,541,524,551,596,571,587,732,685,812,838,952,921,935,878,844,898,885,729,729,662,528,469,439,384,372,310,333,268,266,240,215,168,164,156,183,140,137,115,86,92,75,71,37485
Tue 23 Jul 2019,53,55,52,63,58,52,41,49,46,48,45,43,43,45,88,58,78,81,90,108,141,147,183,200,268,385,473,571,621,612,576,550,614,548,564,582,503,533,484,479,471,472,429,534,467,546,434,528,508,516,528,512,573,558,582,534,597,635,627,680,645,698,831,809,908,992,893,911,904,839,776,801,712,610,507,478,425,365,364,346,340,309,253,257,215,204,191,182,223,194,152,138,140,123,110,101,37907
Wed 24 Jul 2019,85,78,94,60,70,59,61,46,48,60,58,47,40,41,57,56,37,77,72,91,119,139,182,204,279,403,471,491,523,544,507,538,579,582,585,539,521,496,539,476,454,465,550,486,495,572,555,520,555,542,567,532,583,610,579,556,630,615,625,640,642,801,823,827,950,960,925,884,842,879,813,807,723,685,534,550,451,424,388,333,336,311,281,252,245,210,214,176,208,154,143,98,127,91,79,56,38307
Thu 25 Jul 2019,84,52,55,31,31,39,38,31,36,37,36,36,41,48,49,58,55,65,79,73,148,127,168,212,273,392,421,548,610,591,589,574,583,559,557,511,494,510,507,470,501,515,457,584,536,537,574,554,622,609,621,603,602,658,632,687,626,683,743,768,662,488,397,465,724,765,850,781,746,836,747,772,739,651,572,483,524,458,424,336,416,323,292,287,258,286,238,198,223,173,164,170,134,129,97,92,37830
Fri 26 Jul 2019,71,51,62,47,43,47,47,50,55,55,57,43,36,45,46,63,52,89,74,109,127,106,164,173,261,336,405,453,504,516,505,460,540,512,514,414,503,519,493,590,526,536,588,595,621,647,618,606,622,637,662,651,606,673,614,691,731,773,738,693,751,671,738,775,798,795,807,742,809,707,730,680,693,712,598,603,534,503,441,367,414,331,304,283,276,273,228,230,230,223,158,138,144,139,129,103,39122
Sat 27 Jul 2019,87,73,72,88,47,37,46,59,45,52,49,51,36,52,59,39,46,46,65,68,76,87,84,91,130,153,183,203,208,256,278,267,291,346,376,398,370,430,468,469,545,647,625,680,655,652,656,651,665,659,612,610,633,620,618,598,640,607,626,641,591,604,592,506,542,554,521,539,542,526,508,474,492,499,427,391,347,361,338,265,243,249,248,239,169,175,170,170,165,165,135,141,113,143,93,82,31240
Sun 28 Jul 2019,91,90,68,61,49,33,43,41,39,35,34,22,37,32,33,29,36,33,35,40,41,48,58,68,99,90,93,114,136,161,150,182,178,195,210,252,306,355,385,391,430,491,525,485,539,551,603,585,647,660,572,607,622,653,636,584,596,697,645,653,664,732,660,609,654,666,638,658,695,610,573,562,544,585,504,533,532,495,429,410,380,340,333,320,285,229,224,235,213,215,158,165,128,134,90,88,31464
Mon 29 Jul 2019,58,56,41,45,50,42,26,33,40,27,23,32,29,41,36,56,87,62,93,95,133,107,101,186,298,410,429,516,621,678,588,565,570,570,555,511,456,538,514,533,554,529,547,525,580,604,611,581,540,597,600,611,632,617,568,594,665,693,645,612,736,777,744,818,921,510,276,594,909,877,836,831,725,650,551,464,448,446,423,364,365,381,321,285,286,292,223,209,200,228,175,163,125,179,112,120,38320
Tue 30 Jul 2019,121,120,97,96,98,67,72,73,64,103,74,74,66,92,90,112,76,91,98,145,117,123,149,210,269,386,429,525,605,637,575,505,531,517,536,548,442,470,484,467,440,504,467,497,472,458,490,492,525,545,571,486,556,574,554,550,612,620,623,626,726,706,824,787,864,991,841,878,863,875,817,921,696,681,558,489,454,397,374,344,340,324,269,244,218,217,177,177,180,178,127,112,125,124,126,127,38167
Wed 31 Jul 2019,103,94,81,87,73,68,63,58,74,66,61,72,32,40,48,45,54,67,75,86,116,133,165,199,276,358,447,533,569,585,552,554,597,566,545,446,538,534,530,472,463,472,538,519,486,553,540,480,554,536,545,585,545,637,556,606,597,647,625,637,708,790,842,874,938,994,1005,883,870,766,725,629,649,661,610,506,508,468,337,367,357,384,297,261,201,224,175,196,176,187,144,110,104,89,84,65,38367
Thu 01 Aug 2019,56,54,49,50,58,43,53,45,34,34,34,41,36,37,48,53,53,66,76,93,105,125,161,191,259,354,428,499,583,608,521,545,583,540,524,487,488,496,463,472,488,554,529,552,534,525,510,569,546,500,551,532,555,572,643,640,692,653,634,668,786,694,866,816,887,978,973,902,934,933,888,782,723,690,589,491,513,460,392,336,407,364,309,285,261,222,258,171,175,161,152,129,111,89,77,44,38740
Fri 02 Aug 2019,61,82,40,61,28,38,36,32,42,48,29,32,39,39,33,40,45,62,73,75,88,109,125,180,245,306,365,419,516,490,501,468,524,494,464,462,461,489,532,524,520,612,575,614,598,590,628,631,672,709,699,684,703,662,697,714,688,723,704,729,733,720,704,719,785,782,812,772,751,802,742,675,737,608,542,506,562,481,521,413,446,357,372,325,326,299,299,291,253,218,179,160,151,127,114,92,39225
Sat 03 Aug 2019,88,79,77,45,61,55,50,36,29,49,35,34,37,40,36,50,38,47,59,68,38,68,84,87,132,148,169,178,220,267,268,297,326,351,386,412,433,490,528,536,624,646,647,671,653,708,683,631,677,625,643,613,684,651,653,570,642,617,640,603,618,594,580,629,597,573,557,531,596,580,596,565,576,416,435,402,390,396,312,355,306,291,292,232,221,199,185,191,201,156,155,152,136,108,118,93,32646
Sun 04 Aug 2019,98,104,69,70,59,39,40,31,44,37,30,37,34,36,29,32,31,43,47,38,39,49,69,59,72,84,111,110,136,143,169,189,195,237,232,249,285,354,341,428,448,449,534,585,598,585,623,609,692,614,597,628,592,624,622,622,609,631,617,673,594,639,580,636,637,670,691,639,656,648,631,512,585,598,426,469,434,475,405,366,358,349,328,345,290,232,220,203,131,138,108,108,103,86,76,64,30881
Mon 05 Aug 2019,63,65,41,50,35,22,32,27,33,32,30,23,22,28,41,57,52,68,76,100,133,135,209,233,276,360,442,528,512,595,597,560,547,560,535,529,492,498,483,510,534,565,579,535,555,564,543,578,542,635,644,605,622,659,574,675,666,717,680,732,736,785,820,838,942,1013,903,856,921,981,861,775,725,660,527,488,470,457,377,367,339,336,253,222,212,175,185,115,109,88,70,61,66,60,38,45,38711
Tue 06 Aug 2019,28,28,35,23,28,29,22,27,23,23,32,27,17,24,32,38,32,61,56,73,91,102,151,148,202,250,347,374,409,386,358,352,449,561,543,525,481,527,525,485,454,489,481,492,511,518,570,487,554,582,532,542,573,563,631,648,644,639,656,652,681,653,700,789,967,999,909,854,887,842,819,774,710,674,516,405,392,365,269,275,297,253,219,182,183,222,185,129,158,55,50,44,53,28,35,22,34737
Wed 07 Aug 2019,21,16,19,15,18,12,19,17,16,12,14,9,17,16,16,26,26,47,59,83,93,112,177,196,255,345,449,515,525,565,554,497,583,550,478,441,468,543,609,500,508,543,527,501,506,511,543,544,588,561,524,539,588,562,605,583,580,604,627,637,736,748,849,804,931,1016,996,888,884,891,844,753,691,636,541,535,470,441,380,300,349,335,240,214,243,205,193,202,201,182,134,118,99,108,78,69,37418
Thu 08 Aug 2019,60,40,37,44,36,33,31,45,35,31,39,32,29,37,48,48,38,63,69,92,136,139,168,184,266,336,439,513,575,625,568,588,593,595,581,554,509,544,547,537,526,499,535,508,522,520,581,544,573,572,597,642,674,584,602,582,708,691,691,737,796,757,856,875,979,903,876,888,950,1004,878,809,867,779,625,608,547,518,440,405,403,397,305,314,295,297,272,212,273,298,234,202,118,87,93,74,41006
Fri 09 Aug 2019,72,66,54,33,41,38,30,35,33,31,28,44,29,40,53,44,51,60,70,90,96,108,169,170,226,308,371,424,451,476,466,519,485,520,476,486,416,484,503,510,459,516,579,551,534,565,576,590,628,644,672,582,636,701,661,667,667,751,733,804,816,766,780,787,847,846,794,782,810,781,769,705,642,687,574,581,539,487,486,459,501,408,334,318,296,285,249,194,215,191,180,132,124,117,97,97,38798
Sat 10 Aug 2019,85,71,61,48,57,43,56,49,50,52,40,35,31,33,43,33,48,55,58,57,69,87,89,115,141,151,182,147,220,207,250,240,267,331,352,383,392,447,468,500,515,528,601,493,541,501,589,537,616,585,601,585,538,607,584,538,551,575,601,639,541,648,606,637,603,545,522,505,530,558,527,460,453,449,409,361,349,322,274,296,248,211,214,167,165,184,176,155,163,151,148,116,108,117,90,95,29471
Sun 11 Aug 2019,73,69,77,65,55,48,42,34,36,42,35,36,27,32,34,31,34,27,36,40,34,42,47,44,103,118,86,116,139,139,130,165,180,209,224,257,320,316,423,397,475,464,529,533,544,635,584,626,595,593,600,581,651,621,680,640,649,690,640,559,637,751,707,649,595,618,730,521,618,629,514,428,441,484,455,482,472,441,482,388,331,314,303,278,274,246,197,161,172,131,110,100,95,91,49,66,30211
Mon 12 Aug 2019,64,40,37,25,35,39,24,26,23,27,27,36,34,34,38,50,55,62,98,99,129,153,192,216,296,333,460,551,605,658,598,561,562,576,532,561,516,530,591,531,573,572,576,580,706,616,604,617,679,628,644,659,694,680,685,663,696,704,652,594,649,722,842,803,828,818,825,891,821,904,883,844,721,672,590,493,490,439,359,320,366,314,260,232,203,206,181,157,176,146,101,141,144,121,118,73,39699
Tue 13 Aug 2019,83,53,54,51,43,40,36,37,66,56,45,40,51,73,63,73,57,76,85,110,119,152,168,173,296,365,455,538,561,616,562,527,564,556,549,485,500,516,493,474,519,463,468,497,482,507,553,548,536,524,573,516,538,595,549,555,620,631,613,628,657,763,775,821,944,971,919,942,934,983,837,742,661,607,532,492,425,416,364,325,347,326,317,258,226,230,196,189,212,258,209,198,139,152,132,117,38392
Wed 14 Aug 2019,103,98,73,56,54,46,71,62,62,67,52,75,51,67,85,81,86,105,87,89,123,157,165,180,291,335,401,535,526,557,535,529,517,500,458,418,358,404,381,376,438,434,449,461,467,508,541,520,542,582,581,591,597,554,570,626,626,652,659,687,711,775,790,792,904,960,963,911,871,890,895,864,812,717,613,541,448,471,386,349,365,313,269,211,187,214,157,152,190,225,167,160,156,129,104,76,38039
Thu 15 Aug 2019,79,70,72,52,56,46,52,47,61,55,70,71,46,50,75,68,72,66,83,95,105,136,193,179,262,323,457,525,556,634,544,577,511,560,535,458,491,506,490,460,500,591,585,549,549,570,530,508,555,581,583,577,607,578,646,556,714,680,669,686,769,759,837,878,978,1034,982,930,925,897,839,745,731,668,599,543,564,466,508,446,439,376,330,269,306,280,258,210,239,214,166,133,159,185,149,107,40520
Fri 16 Aug 2019,99,99,95,78,83,76,103,64,84,67,76,86,79,77,88,97,96,105,101,95,100,135,146,171,251,300,347,445,457,509,541,485,473,470,454,459,444,500,508,552,549,580,576,531,631,518,560,551,605,637,581,633,665,638,668,643,723,757,769,724,754,749,754,722,812,832,706,728,700,729,730,678,627,651,645,609,633,545,453,403,458,386,312,274,302,312,246,238,311,232,192,203,160,162,138,136,39556
Sat 17 Aug 2019,160,143,109,89,84,91,73,76,62,76,73,66,78,82,84,73,37,52,63,62,70,83,70,95,111,142,163,176,259,236,273,256,320,360,412,380,415,437,480,517,554,585,616,628,637,601,686,743,651,692,642,691,640,599,670,589,556,637,596,575,662,655,640,530,610,664,556,551,616,595,538,459,506,464,473,398,414,357,354,322,305,291,271,241,213,205,172,125,182,185,120,115,107,98,109,87,32666
Sun 18 Aug 2019,90,89,43,49,53,48,54,37,18,27,29,35,33,30,26,18,34,27,22,32,32,31,65,75,76,90,93,101,126,118,146,157,200,199,242,266,259,314,354,388,478,492,509,551,579,593,656,603,560,628,601,654,604,675,598,554,649,650,576,603,639,634,581,619,725,685,644,649,582,625,545,554,512,484,459,489,389,348,398,368,309,312,241,278,256,226,205,152,171,136,122,119,83,102,91,59,29730
Mon 19 Aug 2019,67,41,56,30,41,35,40,29,38,31,27,33,26,42,52,54,47,93,91,87,142,151,184,199,301,368,442,549,577,567,558,549,474,533,567,508,470,502,491,532,534,570,524,563,510,592,585,560,629,616,699,658,637,657,638,661,696,678,715,700,764,806,817,936,986,988,884,893,951,915,785,769,759,671,568,452,497,410,372,322,344,265,274,217,205,192,170,148,180,146,87,82,88,53,32,32,39106
Tue 20 Aug 2019,30,14,31,12,18,19,21,19,14,22,27,22,23,20,16,24,48,56,64,95,116,124,157,185,244,350,474,516,532,628,550,566,526,562,532,492,456,472,506,465,447,527,490,473,435,491,520,484,546,525,516,510,551,527,528,545,550,605,619,607,690,734,744,827,900,1035,985,890,857,927,834,778,685,609,567,483,428,390,372,391,336,331,282,251,215,218,181,172,174,153,95,66,73,73,29,17,36336
Wed 21 Aug 2019,36,22,28,15,19,28,20,21,26,23,22,27,17,19,11,16,21,45,62,75,91,122,159,161,266,321,415,528,558,570,592,543,568,564,517,506,509,490,523,511,533,511,517,503,550,556,535,511,542,570,617,609,600,592,580,588,613,689,651,678,753,787,821,799,988,1012,958,833,723,772,865,762,682,696,634,495,631,483,441,371,401,383,272,239,259,213,198,177,222,191,144,122,120,102,100,76,38337
Thu 22 Aug 2019,70,60,39,57,57,36,47,44,35,42,32,39,34,44,54,55,68,62,79,92,109,128,177,215,256,368,440,509,578,571,552,543,539,551,556,548,453,550,525,545,522,535,576,586,539,592,562,585,613,631,620,690,667,611,662,654,701,638,701,724,759,845,803,910,962,957,975,998,1005,908,932,766,779,724,601,556,513,439,426,383,344,375,304,269,258,265,218,181,207,166,147,126,118,110,112,81,40690
Fri 23 Aug 2019,66,90,59,38,60,46,58,34,35,33,30,60,36,30,38,50,49,53,76,77,106,110,168,176,236,339,362,410,461,491,482,538,502,494,513,490,477,542,515,557,569,612,597,584,599,673,599,665,697,725,683,726,687,700,747,776,751,799,748,778,852,869,863,809,859,789,872,784,803,737,755,632,710,696,600,494,534,446,438,403,425,379,316,350,300,241,251,241,263,203,198,164,110,92,112,95,40387
Sat 24 Aug 2019,80,77,81,52,43,54,58,42,47,34,35,30,25,33,42,36,36,37,54,47,54,67,89,70,125,129,174,168,236,224,322,289,329,355,386,367,471,529,534,615,681,612,690,636,678,695,654,768,725,706,626,635,608,587,603,605,645,607,553,513,571,565,522,519,513,497,515,455,441,344,430,433,456,502,416,397,380,341,375,359,308,279,267,263,263,228,198,183,186,178,204,142,128,117,121,99,31498
Sun 25 Aug 2019,82,78,70,61,40,42,37,26,38,36,31,26,30,30,27,24,17,23,30,24,40,45,60,69,94,104,91,110,182,187,173,193,181,227,246,252,304,324,366,412,452,490,576,545,551,499,532,563,599,539,592,602,631,539,529,524,534,510,554,531,528,550,554,562,552,516,592,542,589,592,554,452,495,458,489,470,421,416,420,389,321,354,298,315,305,286,277,224,205,193,152,140,135,132,102,87,28991
Mon 26 Aug 2019,65,65,62,54,47,31,46,19,34,21,26,26,30,22,33,34,34,26,53,44,59,66,67,67,110,116,109,156,151,180,182,162,185,241,257,306,309,341,413,444,461,542,488,400,452,494,547,583,651,609,530,511,498,566,505,514,518,446,592,565,547,543,546,520,453,508,547,491,526,545,546,493,577,541,499,480,477,453,466,426,400,365,440,393,435,425,389,294,267,245,198,169,130,90,85,73,29747
Tue 27 Aug 2019,61,56,43,46,37,25,25,29,24,21,42,42,36,37,48,45,60,97,86,123,158,172,205,229,299,392,481,548,585,598,578,577,581,635,606,497,509,555,525,539,543,546,526,605,563,600,656,582,595,648,662,548,568,594,571,609,660,731,736,681,760,722,722,729,798,940,893,825,905,883,905,766,758,722,539,564,558,565,468,424,472,341,300,267,257,240,230,210,224,176,115,96,84,73,54,71,40132
Wed 28 Aug 2019,53,74,40,38,38,30,42,44,34,39,37,30,36,38,58,47,55,83,77,78,92,143,174,202,292,348,425,507,585,598,600,578,568,605,524,534,494,491,499,469,510,493,523,464,506,516,487,526,516,544,573,553,634,616,585,567,701,666,658,668,781,756,845,819,911,978,932,979,929,903,876,748,779,766,591,547,512,462,331,382,414,402,306,272,254,208,205,190,209,195,157,96,84,94,76,64,39058
Thu 29 Aug 2019,73,50,46,35,34,41,37,31,31,37,36,27,29,40,51,57,47,63,85,107,110,130,164,185,258,382,423,515,599,567,589,532,560,623,506,527,479,519,532,524,518,507,534,511,544,548,537,577,548,607,598,589,609,610,604,619,701,716,699,699,750,730,804,889,1029,1007,931,909,978,936,892,806,726,739,650,569,536,465,427,399,429,390,364,290,302,308,262,219,213,170,150,160,124,97,78,89,40373
Fri 30 Aug 2019,75,66,59,48,42,46,50,39,48,38,48,38,45,32,53,54,60,65,82,80,94,115,152,171,266,322,390,476,449,522,537,533,525,525,528,494,461,538,509,606,566,634,622,621,687,656,642,682,696,735,681,661,682,661,689,677,742,793,760,799,810,853,892,830,847,887,844,873,840,825,777,755,702,710,646,648,582,608,552,339,449,469,373,363,435,433,359,344,325,297,272,266,256,176,205,164,42973
Sat 31 Aug 2019,157,131,89,122,99,65,72,81,65,69,64,70,58,61,51,49,50,74,71,78,74,47,81,107,128,160,172,216,220,258,283,308,312,378,410,435,423,505,554,519,578,592,567,685,647,623,624,578,633,536,602,633,602,553,554,621,636,601,559,626,613,601,597,551,587,624,602,653,567,625,584,579,543,422,421,419,417,402,369,311,306,271,250,229,272,224,200,202,150,199,153,140,135,103,146,81,32764
Sun 01 Sep 2019,81,77,83,79,47,51,48,34,39,26,43,32,27,23,25,28,26,23,21,24,39,47,52,68,82,94,137,114,124,151,176,164,173,212,236,251,316,337,392,443,470,515,576,554,590,627,631,674,710,625,602,620,609,611,591,535,600,580,583,610,606,594,617,641,645,661,646,604,673,629,555,508,531,494,445,414,433,434,438,392,418,420,345,290,311,257,223,206,186,141,111,104,93,79,56,71,30629
Mon 02 Sep 2019,64,50,32,36,42,34,36,21,28,23,35,24,33,30,39,44,59,65,66,128,157,150,214,213,281,388,491,600,592,640,584,538,517,577,505,474,468,496,464,544,519,497,561,552,592,577,541,564,587,596,589,597,647,703,727,693,706,742,664,611,787,831,863,837,1047,1023,966,969,979,912,948,901,794,708,565,513,451,355,370,330,331,313,276,214,212,154,141,132,167,140,99,88,95,66,57,48,39729
Tue 03 Sep 2019,52,47,45,34,49,29,36,29,42,37,41,40,35,32,44,49,53,62,62,76,104,124,165,193,300,385,476,565,694,590,512,502,584,515,555,443,451,494,488,441,422,485,443,375,470,494,515,530,510,518,536,515,550,543,601,537,576,640,591,612,669,713,745,807,974,947,868,914,971,900,892,815,715,740,547,482,440,367,338,268,326,294,218,220,227,173,167,153,198,160,137,109,121,89,68,49,36759
Wed 04 Sep 2019,69,50,45,27,32,44,36,26,28,40,30,30,27,36,41,36,40,49,83,84,112,122,139,195,276,354,486,597,648,581,557,525,534,528,518,558,502,548,501,463,486,480,471,429,492,450,500,544,548,568,581,550,488,511,553,591,529,555,518,435,505,448,439,371,358,463,366,429,388,391,344,296,306,378,369,282,329,306,346,306,232,222,198,162,158,197,211,242,280,132,155,122,127,84,80,84,29982
Thu 05 Sep 2019,76,60,68,81,47,46,50,48,42,61,70,70,49,33,54,47,40,70,95,97,124,153,178,181,240,359,428,523,635,605,523,512,516,519,508,502,487,488,495,469,477,437,497,474,452,502,497,583,486,501,496,504,535,521,580,522,565,598,686,667,640,714,702,802,748,889,905,903,896,919,784,739,726,678,568,436,494,410,351,318,353,306,243,223,220,216,150,191,199,116,106,108,82,92,91,61,36608
Fri 06 Sep 2019,52,50,44,38,31,27,39,47,34,26,36,46,48,43,41,47,51,49,68,72,105,110,152,196,221,291,442,465,538,508,508,469,525,498,452,431,451,479,468,470,495,503,489,540,587,566,597,563,692,646,630,636,645,657,691,641,709,785,715,736,807,852,799,784,908,948,896,854,898,850,838,752,668,635,575,516,492,417,395,331,357,332,299,253,214,229,190,159,185,186,143,118,137,134,109,65,38516
Sat 07 Sep 2019,94,78,59,42,63,48,58,52,46,52,36,39,33,44,44,44,58,59,60,62,67,83,83,133,153,184,244,223,277,301,339,314,345,391,357,373,410,450,457,458,515,546,589,608,620,627,693,641,573,668,632,647,668,640,584,615,569,562,600,592,571,594,580,586,633,604,587,611,588,637,609,544,527,540,398,414,327,311,297,268,250,219,198,195,155,158,161,136,152,184,138,123,131,136,105,91,31660
Sun 08 Sep 2019,96,83,67,38,42,33,40,65,48,46,23,32,30,34,36,30,25,24,43,44,44,49,71,81,107,92,104,133,137,161,151,185,160,209,222,238,285,367,427,398,398,427,464,540,529,519,612,638,674,657,661,651,601,650,657,586,582,553,577,674,636,605,663,677,701,715,685,614,757,636,597,584,623,592,573,491,481,395,403,370,320,303,223,231,221,193,186,139,147,159,103,96,78,84,65,54,30550
Mon 09 Sep 2019,45,42,38,32,19,28,20,33,25,25,24,38,35,24,42,41,62,72,103,111,130,148,197,213,310,356,503,537,621,608,558,572,458,539,502,488,458,481,502,497,442,484,446,491,576,504,551,552,531,570,539,500,565,581,617,589,696,698,747,643,692,747,751,800,931,916,832,855,929,850,828,765,690,611,546,439,423,377,307,289,294,251,265,223,271,209,212,178,209,171,126,132,132,101,107,101,37419
Tue 10 Sep 2019,76,97,78,69,55,48,37,50,50,60,68,80,60,65,89,76,66,79,82,109,109,135,164,216,221,376,499,560,606,557,561,565,544,539,530,505,521,498,462,406,461,434,434,438,449,457,523,449,465,476,488,467,517,497,521,539,538,587,500,637,583,686,735,749,895,966,873,905,924,913,883,766,710,627,571,475,444,377,300,261,328,287,340,382,323,319,219,246,225,206,162,143,161,141,106,130,37206
Wed 11 Sep 2019,101,114,102,85,55,42,41,37,48,39,35,31,39,37,49,59,61,60,67,66,126,129,144,192,275,325,468,565,625,622,567,551,593,562,528,496,513,506,534,425,446,439,450,467,366,550,435,473,518,541,419,303,385,638,561,502,545,552,614,623,634,703,725,813,894,968,869,853,923,894,833,810,723,647,555,428,459,371,321,344,354,432,334,317,236,261,207,185,190,154,133,137,114,107,89,74,36832
Thu 12 Sep 2019,78,68,75,70,80,73,71,81,59,43,53,58,75,68,65,69,61,70,83,90,130,126,163,205,254,336,468,544,577,576,530,388,463,438,557,489,464,460,505,484,430,471,449,459,400,425,657,526,527,596,605,550,572,590,545,564,589,646,629,647,665,738,741,854,951,942,790,874,849,874,898,811,727,645,590,499,473,447,375,326,386,469,448,447,360,355,308,216,247,250,211,188,167,160,121,136,38962
Fri 13 Sep 2019,110,93,108,99,64,77,122,71,75,57,51,87,69,89,103,101,64,79,70,70,77,117,145,189,225,296,411,485,508,521,522,510,523,505,463,466,446,478,480,496,506,523,502,599,545,616,646,556,607,612,643,642,703,703,669,723,720,740,743,736,751,851,889,820,927,840,887,827,831,818,868,756,648,679,567,508,488,478,386,345,344,340,321,277,261,255,178,170,213,137,133,115,100,103,104,86,39557
Sat 14 Sep 2019,83,74,73,61,49,37,45,33,38,32,35,35,27,38,35,35,37,55,42,58,52,73,97,79,129,137,194,184,209,222,250,245,339,358,407,392,453,480,533,517,585,613,610,657,620,651,631,649,641,644,651,626,629,654,719,631,630,649,605,612,595,570,593,589,553,582,562,555,547,596,569,527,552,500,468,424,431,358,346,318,289,308,249,211,232,208,158,154,176,161,145,120,94,111,91,77,31998
Sun 15 Sep 2019,88,65,67,56,54,41,53,45,41,32,34,40,30,24,22,31,38,33,28,27,40,44,55,59,79,92,97,98,124,131,137,152,185,218,254,240,291,392,435,461,456,520,555,548,578,610,631,648,511,444,527,591,568,552,612,574,537,600,604,561,599,608,646,655,677,642,653,671,670,697,547,555,576,544,559,522,448,524,443,384,444,460,401,302,257,232,201,176,147,150,111,96,77,78,67,57,30536
Mon 16 Sep 2019,52,39,32,28,29,25,22,22,30,31,29,36,42,42,39,61,60,74,98,100,147,160,195,230,329,373,516,564,631,638,573,579,506,534,520,521,527,568,497,525,503,523,548,594,513,577,628,535,609,616,665,597,686,612,603,649,670,702,630,670,666,718,785,742,791,872,911,850,876,882,816,779,777,707,498,442,428,378,303,264,303,319,334,315,243,183,148,157,157,158,133,163,141,118,109,103,38723
Tue 17 Sep 2019,118,93,100,84,48,39,45,46,66,65,59,77,67,64,77,68,85,104,91,122,107,118,173,192,285,371,470,588,640,583,547,525,568,520,475,461,531,597,548,495,460,487,463,493,478,476,495,536,550,563,513,549,587,527,541,563,630,657,602,652,716,731,745,815,955,1000,944,878,889,933,846,795,696,676,520,479,484,405,355,350,289,382,323,285,258,263,243,210,269,183,129,144,137,146,116,107,38830
Wed 18 Sep 2019,79,95,99,53,56,49,53,71,77,60,82,94,61,68,66,65,77,85,110,119,147,149,174,212,288,373,467,535,590,609,508,549,575,590,548,519,560,547,513,487,500,490,484,508,502,524,520,527,560,487,525,549,605,564,572,583,581,669,662,654,724,807,779,843,959,1022,978,954,921,913,872,845,722,699,638,526,498,418,354,298,341,382,384,298,237,259,248,214,247,205,133,167,141,136,114,108,39909
Thu 19 Sep 2019,92,92,85,105,75,74,56,63,71,57,47,80,69,79,71,72,87,73,91,80,112,127,165,208,262,348,486,545,611,631,568,479,543,538,499,543,540,519,512,474,496,465,462,510,497,537,503,544,606,547,613,562,587,612,547,590,589,651,686,626,773,724,906,870,916,948,934,901,937,890,806,808,696,684,597,509,514,435,394,357,361,406,378,375,315,285,283,248,243,200,161,165,166,127,142,115,40028
Fri 20 Sep 2019,105,118,118,98,63,44,82,97,58,63,75,89,121,84,60,80,64,79,100,99,127,133,165,179,258,332,435,436,544,514,560,515,562,619,496,461,513,508,532,503,568,592,589,675,650,638,661,660,645,681,655,661,740,730,745,741,787,845,831,810,887,889,879,866,969,953,893,816,861,845,761,634,644,662,533,556,589,556,449,455,431,455,430,402,371,312,282,264,328,250,234,207,216,167,131,141,43311
Sat 21 Sep 2019,144,155,92,84,70,84,81,95,80,52,51,57,48,65,50,67,46,58,81,78,86,70,82,97,125,128,159,223,229,249,280,328,324,411,438,415,468,566,507,580,524,565,617,661,571,694,608,593,669,696,629,661,635,599,648,682,678,674,626,645,618,619,585,556,520,569,570,552,586,598,584,554,549,481,416,441,388,365,301,291,292,239,214,227,179,170,160,150,166,136,147,140,143,108,100,82,32774
Sun 22 Sep 2019,95,92,72,84,54,41,30,28,45,42,17,21,34,34,31,28,18,31,29,38,26,30,39,42,80,81,73,112,132,124,159,153,166,169,200,194,248,285,375,397,395,478,489,530,538,516,511,558,590,594,637,643,606,670,603,662,608,634,644,649,633,647,683,785,757,673,724,681,650,617,562,469,490,483,438,407,416,369,375,304,321,297,290,258,243,229,227,205,148,124,107,103,72,62,59,56,29468
Mon 23 Sep 2019,53,55,49,40,39,26,27,25,37,25,30,27,35,30,38,63,55,78,95,100,136,159,172,188,273,329,438,569,692,630,589,568,579,584,497,517,532,528,505,521,498,473,564,523,514,606,588,559,594,639,583,586,657,672,592,631,676,703,626,614,708,736,772,804,962,939,777,935,974,821,845,770,669,595,496,466,417,354,315,315,308,335,273,309,240,228,198,210,171,178,151,147,114,127,94,88,38672
Tue 24 Sep 2019,69,86,75,75,49,36,43,54,56,55,69,61,55,63,68,66,99,94,99,114,129,127,186,233,282,345,457,547,649,601,560,526,579,494,486,472,518,514,457,465,449,421,419,411,483,501,436,497,474,511,510,505,537,524,511,512,559,612,607,623,608,756,714,827,912,978,890,890,837,856,838,731,614,684,615,478,474,402,324,280,304,289,279,204,218,204,313,253,268,220,150,163,118,94,102,88,37090
Wed 25 Sep 2019,92,103,73,80,90,60,68,46,53,49,44,43,31,37,43,53,62,56,82,77,134,133,159,206,267,363,450,553,640,638,556,491,512,550,512,482,490,525,480,476,489,525,480,476,478,464,474,526,513,550,532,539,501,505,575,575,573,559,625,634,734,685,793,768,921,1007,866,843,873,849,845,732,682,673,576,435,407,378,281,312,381,322,273,209,204,179,191,161,193,173,102,100,93,79,64,48,36884
Thu 26 Sep 2019,61,63,41,44,41,42,38,38,33,38,32,34,40,30,43,57,61,78,69,92,112,138,156,220,241,369,421,555,625,619,538,543,540,564,543,462,496,462,459,455,432,487,504,467,498,500,492,484,513,558,544,543,502,560,478,589,567,655,709,590,636,728,752,769,886,964,833,843,849,918,859,772,683,676,515,453,496,437,376,314,352,304,264,235,300,317,312,252,273,247,182,184,168,126,112,94,37646
Fri 27 Sep 2019,97,114,84,122,84,65,71,78,103,55,68,57,37,46,41,48,35,74,63,84,109,107,130,169,250,301,393,491,545,507,546,498,547,538,519,467,443,480,513,492,501,501,565,457,575,527,534,578,630,642,646,639,722,713,728,696,748,785,729,791,752,769,887,867,886,882,827,891,805,742,738,718,677,587,585,528,506,432,438,365,364,337,285,267,205,212,172,143,170,138,146,145,126,109,102,74,39055
Sat 28 Sep 2019,94,64,57,53,49,46,36,41,44,45,35,42,35,35,35,39,31,54,60,54,69,59,77,84,105,119,189,176,203,231,213,266,263,298,329,362,365,445,425,463,532,585,482,539,518,549,576,609,607,639,588,584,632,583,622,550,510,550,562,491,567,560,511,522,533,552,563,552,581,589,527,569,539,440,397,394,358,352,262,270,241,263,185,170,146,154,144,120,130,192,245,253,222,239,182,155,29677
Sun 29 Sep 2019,147,135,116,136,122,97,94,67,84,62,90,82,60,65,56,56,74,36,44,44,37,38,57,52,72,82,97,104,107,118,121,129,136,201,185,196,246,309,338,347,342,377,426,465,530,536,533,546,559,579,631,603,679,633,643,654,607,699,733,710,758,677,741,701,677,725,678,634,693,713,561,521,508,448,479,432,415,363,358,346,293,270,268,245,189,164,162,154,123,117,79,80,60,66,49,54,29925
Mon 30 Sep 2019,44,28,41,38,44,27,19,34,25,13,29,32,32,32,34,56,63,71,105,109,133,173,201,190,284,387,469,622,608,589,604,555,490,527,511,487,457,499,489,540,498,453,518,524,538,485,565,517,542,576,587,570,639,651,652,608,668,613,622,626,685,685,759,815,897,956,791,891,916,905,866,841,717,596,544,468,414,352,301,275,285,278,236,197,193,162,134,146,158,142,100,99,79,76,47,62,37211
